Briefdatum,Briefschreiber,Briefempfänger
1617-12-24,Fürst Johann Casimir von Anhalt-Dessau,Fürst Ludwig
1617-12-25,Fürst Ludwig,Fürst Johann Casimir von Anhalt-Dessau
1618-01-01,Herzog Johann Ernst d. J. von Sachsen-Weimar,Fürst Ludwig
1618-01-02,Fürst Ludwig,Herzog Johann Ernst d. J. von Sachsen-Weimar
1618-05-08,Gräfin Anna Sophia von Schwarzburg-Rudolstadt,Wolfgang Ratke
1618-07-14,Fürst August von Anhalt-Plötzkau,Fürst Johann Casimir von Anhalt-Dessau
1618-10-23,Fürst Ludwig,Herzog Johann Ernst d. J. von Sachsen-Weimar
1618-12-07,Fürst Ludwig,Herzog Johann Ernst d. J. von Sachsen-Weimar
1618-12-22,Fürst Ludwig,Herzog Johann Ernst d. J. von Sachsen-Weimar
1618-12-25,Fürst Ludwig,Herzog Johann Ernst d. J. von Sachsen-Weimar
1619-02-20,Fürst Ludwig,Herzog Johann Ernst d. J. von Sachsen-Weimar
1619-03-08,Fürst Ludwig,Herzog Johann Ernst d. J. von Sachsen-Weimar
1619-03-18,Fürst Ludwig,Herzog Johann Ernst d. J. von Sachsen-Weimar
1619-03-22,Heinrich von Börstel,Fürst Ludwig
1619-03-24,Fürst Ludwig,Herzog Johann Ernst d. J. von Sachsen-Weimar
1619-04-24,Balthasar Walther,Wolfgang Ratke
1619-07-07,Fürst Ludwig,Herzog Johann Ernst d. J. von Sachsen-Weimar
1619-11-24,Heinrich von Börstel,Fürst Ludwig
1619-11-29,Heinrich von Börstel,Fürst Ludwig
1619-12-29,Simon Frisius,Friedrich von Schilling
1619-12-31,Friedrich von Schilling,Ludwig Lucius
1620-01-25,die Fruchtbringende Gesellschaft,Jost Andreas von Randow
1620-03-18,Fürst Christian II. von Anhalt-Bernburg,Fürstin Anna von Anhalt-Bernburg
1620-08-26,Friedrich von Schilling,Ludwig Lucius
1621-04-01,Jost Andreas von Randow,die Fruchtbringende Gesellschaft
1621-04-21,Friedrich von Schilling,Ludwig Lucius
1621-06-26,Fürst Ludwig,Fürst Johann Casimir von Anhalt-Dessau
1621-07-29,Fürst Ludwig d. J. von Anhalt-Köthen,Fürst Ludwig
1621-10-06,Friedrich von Schilling,Ludwig Lucius
1622-08-24,Peter von Sebottendorf,Fürst Ludwig
1622-09-19,Fürst Christian I. von Anhalt-Bernburg,Fürst Ludwig
1622-12-14,Fürst Ludwig,Herzog Wilhelm IV. von Sachsen-Weimar
1622-12-23,Fürst Christian II. von Anhalt-Bernburg,Burggraf und Herr Christoph zu Dohna
1623-01-01,Gräfin Anna Sophia von Schwarzburg-Rudolstadt,Fürstin Dorothea von Anhalt-Dessau
1623-04-30,Curt Dietrich aus dem Winckel,die Fruchtbringende Gesellschaft
1623-08-02,Fürst Christian II. von Anhalt-Bernburg,Fürst Ludwig
1623-08-09,Fürst Ludwig,Fürst Christian II. von Anhalt-Bernburg
1623-08-19,Fürst Ludwig,Fürst Christian II. von Anhalt-Bernburg
1623-09-13,Fürst Ludwig,Fürst Christian II. von Anhalt-Bernburg
1623-10-06,Fürst Christian II. von Anhalt-Bernburg,Fürst Ludwig
1623-10-08,Fürst Christian II. von Anhalt-Bernburg,Fürst Ludwig
1623-11-01,Fürst Christian II. von Anhalt-Bernburg,Fürst Ludwig
1623-12-03,Fürst Christian II. von Anhalt-Bernburg,Fürst Ludwig
1623-12-06,Diederich von dem Werder,Landgraf Wilhelm V. von Hessen-Kassel
1623-12-10,Fürst Christian I. von Anhalt-Bernburg,Herzog August d. J. von Braunschweig-Wolfenbüttel
1624-01-06,Herzog August d. J. von Braunschweig-Wolfenbüttel,Fürst Christian I. von Anhalt-Bernburg
1624-01-09,die Fruchtbringende Gesellschaft,Landgraf Wilhelm V. von Hessen-Kassel
1624-01-12,Fürstin Amoena Amalia von Anhalt-Köthen,Herzog Wilhelm IV. von Sachsen-Weimar
1624-01-16,Fürst Christian I. von Anhalt-Bernburg,Herzog August d. J. von Braunschweig-Wolfenbüttel
1624-01-18,Herzog Friedrich Ulrich von Braunschweig-Wolfenbüttel,Fürst Johann Casimir von Anhalt-Dessau
1624-01-25,Herzog August d. J. von Braunschweig-Wolfenbüttel,Fürst Christian I. von Anhalt-Bernburg
1624-03-01,Académie des Parfaits Amants,Honoré d'Urfé
1624-03-19,Fürst Christian I. von Anhalt-Bernburg,Herzog August d. J. von Braunschweig-Wolfenbüttel
1624-04-01,Adolph von Börstel,Honoré d'Urfé
1624-04-18,Friedrich von Schilling,Ludwig Lucius
1624-07-17,Fürst Johann Casimir von Anhalt-Dessau,Fürst Ludwig
1624-07-18,Bericht einer Prinzessin von Anhalt-Dessau,die Prinzessinnen Juliana und Magdalena von Hessen-Kassel
1624-09-07,Fürst Christian I. von Anhalt-Bernburg,Herzog August d. J. von Braunschweig-Wolfenbüttel
1624-09-10,Fürst Johann Casimir von Anhalt-Dessau,Fürst Ludwig
1625-01-10,Tobias Hübner,Augustus Buchner
1625-02-18,Fürst Johann Casimir von Anhalt-Dessau,Fürst Ludwig
1625-02-18,Tobias Hübner,Augustus Buchner
1625-02-28,Honoré d'Urfé,Académie des Parfaits Amants
1625-03-05,Tobias Hübner,Fürst Ludwig
1625-04-13,Tobias Hübner,Augustus Buchner
1625-05-10,Martin Opitz,Augustus Buchner
1625-05-14,Landgräfin Juliana von Hessen-Kassel (?),Landgraf Wilhelm V. von Hessen-Kassel
1625-06-09,Tobias Hübner,Augustus Buchner
1625-06-27,Fürst Ludwig,Fürst Christian I. von Anhalt-Bernburg
1625-07-01,Martin Opitz,Fürst Ludwig
1625-07-01,Fürst Ludwig,Fürst Christian I. von Anhalt-Bernburg
1625-07-02,Fürst Ludwig,Fürst Christian II. von Anhalt-Bernburg
1625-07-05,Fürst Christian II. von Anhalt-Bernburg,Fürst Ludwig
1625-07-06,Fürst Christian II. von Anhalt-Bernburg,Burggraf und Herr Christoph zu Dohna
1625-11-01,Augustus Buchner,Tobias Hübner
1626-01-01,Gomberville,Académie des Parfaits Amants
1626-01-01,Gomberville,Académie des Parfaits Amants
1626-01-06,Fürst Christian II. von Anhalt-Bernburg,Fürst Ludwig
1626-02-11,Fürst Ludwig,Fürst Christian II. von Anhalt-Bernburg
1626-02-17,Martin Opitz,Balthasar Venator
1626-04-19,Graf Friedrich Ludolph von Bentheim-Alpen,Fürst Ludwig
1626-05-20,Fürst Christian II. von Anhalt-Bernburg,Fürst Ludwig
1626-05-20,Fürst Christian II. von Anhalt-Bernburg,Fürst Ludwig
1626-06-17,Augustus Buchner,Martin Opitz
1626-06-19,Fürst Ludwig,Fürst Christian II. von Anhalt-Bernburg
1625-05-12,Fürst Christian II. von Anhalt-Bernburg,Fürst Ludwig
1626-07-03,Fürstin Anna Sophia von Anhalt-Bernburg,Fürst Ludwig
1626-08-31,Martin Opitz,Diederich von dem Werder
1626-08-31,Martin Opitz,Augustus Buchner
1626-10-10,Fürst Ludwig,Fürst Christian II. von Anhalt-Bernburg
1627-01-05,Fürst Ludwig,Graf Simon VII. zur Lippe-Detmold
1627-01-15,Fürst Christian II. von Anhalt-Bernburg,Fürst Ludwig
1627-01-29,Graf Simon VII. zur Lippe-Detmold,Fürst Ludwig
1627-03-06,Graf Simon VII. zur Lippe-Detmold,Fürst Ludwig
1627-04-06,Gräfin Anna Sophia von Schwarzburg-Rudolstadt,Herzog Johann Friedrich von Württemberg-Stuttgart
1627-04-29,Christophorus Colerus,Martin Opitz
1627-08-08,Fürstin Loysa Amalia von Anhalt-Bernburg,Fürst Ludwig
1627-08-27,Jacob Martini,Friedrich von Kospoth
1627-09-25,Fürst Christian II. von Anhalt-Bernburg,seinen Bruder Fürst Ernst von Anhalt-Bernburg
1627-10-01,Martin Opitz,Augustus Buchner
1627-10-10,Augustus Buchner,Martin Opitz
1627-11-07,Fürst Ludwig,Graf Otto zur Lippe-Brake
1627-11-26,Fürst Christian II. von Anhalt-Bernburg,Fürst Ludwig
1627-12-01,Fürst Christian II. von Anhalt-Bernburg,Burggraf und Herr Christoph zu Dohna
1627-12-01,Fürstin Sibylla Elisabeth von Anhalt-Bernburg,Fürst Christian II. von Anhalt-Bernburg
1627-12-09,Fürst Ludwig,Fürst Christian II. von Anhalt-Bernburg
1627-12-11,Fürst Ludwig,Fürst Christian II. von Anhalt-Bernburg
1627-12-15,Fürst Christian II. von Anhalt-Bernburg,Fürst Ludwig
1627-12-28,Fürst Christian II. von Anhalt-Bernburg,Fürst Ludwig
1628-01-06,Fürst Ludwig,Fürst Christian II. von Anhalt-Bernburg
1628-01-12,Fürst Christian II. von Anhalt-Bernburg,Fürst Ludwig
1628-01-22,Thomas Reinesius,Herr Hans Georg von Wartenberg
1628-01-28,Thomas Reinesius,Herr Hans Georg von Wartenberg
1628-02-08,Fürst Christian II. von Anhalt-Bernburg,Fürst Ludwig
1628-02-16,Fürst Christian II. von Anhalt-Bernburg,Fürst Christian I. von Anhalt-Bernburg
1628-02-16,Fürst Christian II. von Anhalt-Bernburg,Fürst Ludwig
1628-02-18,Fürst Christian II. von Anhalt-Bernburg,Fürst Ludwig
1628-02-20,Fürst Ludwig,Gräfin Anna Sophia von Schwarzburg-Rudolstadt
1628-02-26,Fürst Christian II. von Anhalt-Bernburg,Fürst Ludwig
1628-03-04,Fürst Christian II. von Anhalt-Bernburg,Fürst Ludwig
1628-03-08,Fürst Ludwig,Landgraf Wilhelm V. von Hessen-Kassel
1628-03-21,Fürst Christian II. von Anhalt-Bernburg,Fürst Ludwig
1628-03-27,Fürst Christian II. von Anhalt-Bernburg,Fürst Ludwig
1628-04-01,Fürst Christian II. von Anhalt-Bernburg,Fürst Christian I. von Anhalt-Bernburg
1628-04-04,Fürst Christian II. von Anhalt-Bernburg,Fürst Christian I. von Anhalt-Bernburg
1628-04-07,Fürst Christian II. von Anhalt-Bernburg,Fürst Ludwig
1628-04-11,Fürst Christian II. von Anhalt-Bernburg,Burggraf und Herr Christoph zu Dohna
1628-04-12,Fürst Christian II. von Anhalt-Bernburg,Fürst Ludwig
1628-04-14,Fürst Ludwig und Fürstin Sophia von Anhalt-Köthen,Fürst Christian II. und Fürstin Eleonora Sophia von Anhalt-Bernburg
1628-04-25,Fürst Christian II. und Fürstin Eleonora Sophia von Anhalt-Bernburg,Fürst Ludwig und Fürstin Sophia von Anhalt-Köthen
1628-05-10,Fürst Ludwig,Fürst Christian II. von Anhalt-Bernburg
1628-05-17,Fürst Christian II. von Anhalt-Bernburg,Fürst Ludwig
1628-06-16,Gräfin Anna Sophia von Schwarzburg-Rudolstadt,Wolfgang Ratke
1628-06-16,Fürst Christian I. von Anhalt-Bernburg,Fürst Ludwig
1628-06-20,Fürst Ludwig,Herzog Johann Albrecht II. von Mecklenburg-Güstrow
1628-07-16,Augustus Buchner,Martin Opitz
1628-07-21,Fürst Christian II. von Anhalt-Bernburg,Heinrich von Börstel
1628-07-24,Johann Sternberg,Graf Otto zur Lippe-Brake
1628-07-26,Fürst Ludwig,Herzog Johann Albrecht II. von Mecklenburg-Güstrow
1628-08-18,Fürst Christian II. von Anhalt-Bernburg,Fürst Ludwig
1628-08-21,Fürst Christian II. von Anhalt-Bernburg,Fürst Ludwig
1628-09-28,Fürst Christian II. und Fürstin Eleonora Sophia von Anhalt-Bernburg,Fürst Ludwig
1628-09-29,Fürst Christian II. von Anhalt-Bernburg,Fürst Ludwig
1628-10-01,Fürst Christian II. von Anhalt-Bernburg,Burggraf und Herr Christoph zu Dohna
1628-10-20,Fürst Christian II. von Anhalt-Bernburg,Fürst Ludwig
1628-10-21,Fürst Christian II. von Anhalt-Bernburg,Fürst Ludwig
1628-11-05,Graf Wolrad IV. von Waldeck-Eisenberg,Fürst Ludwig
1628-11-26,Fürst Ludwig,Graf Wolrad IV. von Waldeck-Eisenberg
1628-12-15,Herzog Johann Albrecht II. von Mecklenburg-Güstrow,Fürst Ludwig
1628-12-26,Fürst Ludwig,Herzog Wilhelm IV. von Sachsen-Weimar
1629-01-20,Gräfin Anna Sophia von Schwarzburg-Rudolstadt,Herzog Wilhelm IV. von Sachsen-Weimar
1629-01-29,Johann Sternberg,Graf Otto zur Lippe-Brake
1629-01-31,Fürst Christian II. von Anhalt-Bernburg,Fürst Ludwig
1629-02-16,Fürst Christian II. von Anhalt-Bernburg,Fürst Ludwig
1629-02-26,Fürst Ludwig,Gräfin Anna Sophia von Schwarzburg-Rudolstadt
1629-02-26,Fürstin Sophia von Anhalt-Köthen,Gräfin Anna von Waldeck-Eisenberg
1629-03-02,Fürst Christian II. von Anhalt-Bernburg,Fürst Ludwig
1629-03-04,Fürst Christian II. von Anhalt-Bernburg,Burggraf und Herr Christoph zu Dohna
1629-03-07,Fürst Christian II. von Anhalt-Bernburg,Fürst Ludwig
1629-03-10,Fürst Ludwig,Fürst Christian II. von Anhalt-Bernburg
1629-03-14,Fürst Christian II. von Anhalt-Bernburg,Burggraf und Herr Christoph zu Dohna
1629-03-29,Fürst Ludwig,Gräfin Anna Sophia von Schwarzburg-Rudolstadt
1629-04-10,Prinzessin Sophia Agnes von Radziwill,Wolfgang Ratke
1629-05-01,Fürst Christian II. von Anhalt-Bernburg,Fürst Ludwig
1629-05-10,Fürst Christian II. von Anhalt-Bernburg,Fürst Ludwig
1629-05-28,Johann Sternberg,Graf Otto zur Lippe-Brake
1629-05-29,Wolfgang Ratke,Gräfin Anna Sophia von Schwarzburg-Rudolstadt
1629-05-31,Gräfin Anna Sophia von Schwarzburg-Rudolstadt,Wolfgang Ratke
1629-06-08,Prinzessin Sophia Agnes von Radziwill,Wolfgang Ratke
1629-06-14,Wolfgang Ratke,Gräfin Anna Sophia von Schwarzburg-Rudolstadt
1629-06-16,Fürst Christian II. von Anhalt-Bernburg,Fürst Ludwig
1629-06-29,Martin Opitz,Augustus Buchner
1629-07-08,Johann Sternberg,Graf Otto zur Lippe-Brake
1629-07-15,Augustus Buchner,Martin Opitz
1629-09-09,Augustus Buchner,Martin Opitz
1629-09-13,Fürstin Sophia von Anhalt-Köthen,Gräfin Anna Sophia von Schwarzburg-Rudolstadt
1629-10-05,Fürst Christian II. von Anhalt-Bernburg,Burggraf und Herr Christoph zu Dohna
1629-10-09,Wilhelm von Kalcheim gen. Lohausen,Herzog Adolph Friedrich I. von Mecklenburg-Schwerin
1629-10-13,Fürst Christian II. von Anhalt-Bernburg,Burggraf und Herr Christoph zu Dohna
1629-10-28,Fürst Christian II. von Anhalt-Bernburg,Fürst Ludwig
1629-11-04,Fürst Christian II. von Anhalt-Bernburg,Burggraf und Herr Christoph zu Dohna
1629-11-04,Landgraf Wilhelm V. von Hessen-Kassel,Diederich von dem Werder
1629-12-01,Fürst Ludwig,Hans Christoph (Rabe) von Pappenheim
1629-12-22,Herzog Adolph Friedrich I. von Mecklenburg-Schwerin,Wilhelm von Kalcheim gen. Lohausen
1629-12-24,Fürst Christian I. von Anhalt-Bernburg,Graf Christian von Waldeck-Wildungen
1629-12-31,Martin Opitz,Augustus Buchner
1630-01-01,Gräfin Anna von Waldeck-Eisenberg,Fürstin Sophia von Anhalt-Köthen
1630-02-03,Fürst Ludwig,Gräfin Anna Sophia von Schwarzburg-Rudolstadt
1630-02-09,Fürst August von Anhalt-Plötzkau,Fürst Christian II. von Anhalt-Bernburg
1630-03-20,Gräfin Anna Sophia von Schwarzburg-Rudolstadt,Fürstin Dorothea von Anhalt-Dessau
1630-03-30,Fürst Christian II. von Anhalt-Bernburg,Fürst Ludwig
1630-04-03,Fürst Christian II. von Anhalt-Bernburg,Fürst Ludwig
1630-04-06,Fürst Ludwig,Gräfin Anna Sophia von Schwarzburg-Rudolstadt
1630-04-10,Johann von Mario,Friedrich von Schilling
1630-04-20,Hans Christoph (Rabe) von Pappenheim im Namen Landgraf Wilhelms V. von Hessen-Kassel,Georg Philipp von Meysenbug
1630-04-20,Hans Christoph (Rabe) von Pappenheim im Namen Landgraf Wilhelms V. von Hessen-Kassel,Heinrich von Oeynhausen
1630-04-26,Herzogin Anna Sabina von Württemberg-Juliusburg,Gräfin Anna Sophia von Schwarzburg-Rudolstadt
1630-05-09,Fürst Christian II. von Anhalt-Bernburg,Fürst Ludwig
1630-07-18,Peter von Sebottendorf,Fürst Ludwig
1630-07-23,Prinzessin Elisabeth Eleonora von Radziwill,Gräfin Anna Sophia von Schwarzburg-Rudolstadt
1630-07-25,Martin Opitz,Burggraf und Herr Christoph zu Dohna
1630-08-13,Graf Simon Ludwig zur Lippe-Detmold,Fürst Ludwig
1630-09-21,Johann von Mario,Friedrich von Schilling
1630-09-24,Johann von Mario,Friedrich von Schilling
1630-10-01,Johann von Mario,Friedrich von Schilling
1630-10-11,Johann von Mario,Friedrich von Schilling
1630-10-25,Graf Wolrad IV. von Waldeck-Eisenberg,Fürst Ludwig
1630-11-02,Fürst Christian II. von Anhalt-Bernburg,Fürst Ludwig
1631-01-01,Tobias Hübner,die Fruchtbringende Gesellschaft
1631-01-08,Fürstin Loysa Amalia von Anhalt-Bernburg,Gräfin Maria Magdalena zur Lippe-Detmold
1631-01-13,Johann von Mario,Friedrich von Schilling
1631-01-19,Melchior Goldast von Haiminsfeld,Martin Opitz
1631-02-24,Johann von Mario,Friedrich von Schilling
1631-03-11,Johann von Mario,Friedrich von Schilling
1631-04-11,Fürst Ludwig,die Fruchtbringende Gesellschaft
1631-07-03,Augustus Buchner,Martin Opitz
1631-12-05,Gräfin Anna Sophia von Schwarzburg-Rudolstadt,Johann Le Clerq
1632-04-16,Gräfin Anna Sophia von Schwarzburg-Rudolstadt,Wolfgang Ratke
1632-06-26,Fürstin Sibylla Elisabeth von Anhalt-Bernburg,Gräfin Elisabeth von Waldeck-Wildungen
1632-07-15,Frau Sabina von Wartenberg,Gräfin Anna Sophia von Schwarzburg-Rudolstadt
1632-07-29,Fürst Ludwig,Gräfin Anna Sophia von Schwarzburg-Rudolstadt
1632-12-01,Gräfin Anna Sophia von Schwarzburg-Rudolstadt,Friherre Axel Oxenstierna
1633-03-11,Martin Opitz,Augustus Buchner
1633-06-03,Fürst August von Anhalt-Plötzkau und Fürst Ludwig,Fürst Johann Casimir von Anhalt-Dessau
1633-09-18,Augustus Buchner,Martin Opitz
1633-09-20,Herzog Wilhelm IV. von Sachsen-Weimar,Fürst Ludwig
1633-12-23,Martin Opitz,David von Schweinitz
1634-01-07,Fürstin Sibylla Elisabeth von Anhalt-Bernburg,Fürst Ludwig
1634-04-21,Gräfin Anna Sophia von Schwarzburg-Rudolstadt,Friherre Axel Oxenstierna
1634-06-04,Herzog Ernst I. von Sachsen-Weimar(-Gotha),Fürst Ludwig
1634-06-09,Fürst Ludwig,Herzog Ernst I. von Sachsen-Weimar(-Gotha)
1634-06-28,Freiherr Enno Wilhelm von Innhausen und Knyphausen,Friedrich von Schilling
1634-07-16,Prinzessin Loysa Amalia von Anhalt-Bernburg,Fürst Ludwig
1634-08-16,Freiherr Enno Wilhelm von Innhausen und Knyphausen,Friedrich von Schilling
1635-03-12,Herzog Ernst I. von Sachsen-Weimar(-Gotha),Friedrich Hortleder
1635-07-31,Tobias Hübner,Augustus Buchner
1635-11-12,Freiherr Enno Wilhelm von Innhausen und Knyphausen,Friedrich von Schilling
1636-04-28,Maria Magdalena (von) Stammer,Fürst Ludwig
1636-06-30,Fürst Christian II. von Anhalt-Bernburg,Burggraf und Herr Christoph zu Dohna
1636-07-03,Johann von Mario,Friedrich von Schilling
1637-01-13,Diederich von dem Werder,Fürst Ludwig
1637-04-21,Landgraf Hermann IV. von Hessen-Rotenburg,Landgraf Wilhelm V. von Hessen-Kassel
1637-04-22,Landgraf Wilhelm V. von Hessen-Kassel,Landgraf Hermann IV. von Hessen-Rotenburg
1637-05-17,Fürst Christian II. von Anhalt-Bernburg,Fürst Ludwig
1637-07-15,Freiherr Enno Wilhelm von Innhausen und Knyphausen,Friedrich von Schilling
1637-07-22,Freiherr Enno Wilhelm von Innhausen und Knyphausen,Friedrich von Schilling
1637-07-29,Freiherr Enno Wilhelm von Innhausen und Knyphausen,Friedrich von Schilling
1637-08-05,Freiherr Enno Wilhelm von Innhausen und Knyphausen,Friedrich von Schilling
1637-09-02,Freiherr Enno Wilhelm von Innhausen und Knyphausen,Friedrich von Schilling
1637-10-27,Fürst Christian II. von Anhalt-Bernburg,Fürst Ludwig
1637-10-28,Fürst Ludwig,Freiherr Enno Wilhelm von Innhausen und Knyphausen
1637-10-28,Diederich von dem Werder,Fürst Ludwig
1637-10-30,Martin Opitz,Friedrich von Schilling
1637-10-31,Diederich von dem Werder,Fürst Ludwig
1637-11-06,Fürst Christian II. von Anhalt-Bernburg,Fürst Ludwig
1637-11-08,Diederich von dem Werder,Fürst Ludwig
1637-11-10,Diederich von dem Werder,Fürst Ludwig
1637-11-12,Fürst Ludwig,Fürst Christian II. von Anhalt-Bernburg
1637-11-12,Fürst Ludwig,Freiherr Enno Wilhelm von Innhausen und Knyphausen
1637-11-16,Fürst Christian II. von Anhalt-Bernburg,Fürst Ludwig
1637-11-17,Freiherr Enno Wilhelm von Innhausen und Knyphausen,Fürst Ludwig
1637-11-20,Fürst Ludwig,Fürst Christian II. von Anhalt-Bernburg
1637-11-21,Martin Opitz,Diederich von dem Werder
1637-11-23,Hans Philipp Geuder,Fürst Ludwig
1637-11-24,Hans von Dieskau,Fürst Ludwig
1637-11-26,Martin Opitz,Fürst Ludwig
1637-11-27,Martin Opitz,Friedrich von Schilling
1637-12-08,Martin Opitz,Friedrich von Schilling
1637-12-08,Fürst Christian II. von Anhalt-Bernburg,Fürst Ludwig
1637-12-09,Fürst Ludwig,Fürst Christian II. von Anhalt-Bernburg
1637-12-11,Fürst Christian II. von Anhalt-Bernburg,Fürst Ludwig
1637-12-19,Fürst Christian II. von Anhalt-Bernburg,Fürst Ludwig
1637-12-20,Fürst Ludwig,Fürst Christian II. von Anhalt-Bernburg
1637-12-21,Fürst Christian II. von Anhalt-Bernburg,Fürst Ludwig
1637-12-21,Hans Philipp Geuder,Fürst Christian II. von Anhalt-Bernburg
1637-12-22,Diederich von dem Werder,Fürst Ludwig
1637-12-23,Hans Philipp Geuder,Fürst Christian II. von Anhalt-Bernburg
1637-12-24,Hans Philipp Geuder,Fürst Ludwig und Fürst Christian II. von Anhalt-Bernburg
1637-12-26,Graf Otto V. von Holstein-Schaumburg,Fürst Ludwig
1637-12-26,Diederich von dem Werder,Fürst Ludwig
1637-12-27,Diederich von dem Werder,Fürst Ludwig
1637-12-31,Diederich von dem Werder,Fürst Ludwig
1638-01-01,Cuno Ordomar von Bodenhausen,Diederich von dem Werder
1638-01-01,Fürst Ludwig,Freiherr Enno Wilhelm von Innhausen und Knyphausen
1638-01-08,Fürst Christian II. von Anhalt-Bernburg,Fürst Ludwig
1638-01-10,Fürst Ludwig,Fürst Christian II. von Anhalt-Bernburg
1638-01-20,Fürst Christian II. von Anhalt-Bernburg,Fürst Ludwig
1638-01-22,Fürst Ludwig,Fürst Christian II. von Anhalt-Bernburg
1638-01-25,Fürst Ludwig,Graf Otto V. von Holstein-Schaumburg
1638-01-25,Fürst Ludwig,Freiherr Enno Wilhelm von Innhausen und Knyphausen
1638-01-26,Fürst Christian II. von Anhalt-Bernburg,Fürst Ludwig
1638-01-28,Fürst Ludwig,Fürst Christian II. von Anhalt-Bernburg
1638-02-02,Fürst Ludwig,Fürst Christian II. von Anhalt-Bernburg
1638-02-07,Dietlof von Tiesenhausen,Fürst Ludwig
1638-02-10,Freiherr Enno Wilhelm von Innhausen und Knyphausen,Fürst Ludwig
1638-02-20,Fürst Christian II. von Anhalt-Bernburg,Fürst Ludwig
1638-02-21,Fürst Ludwig,Fürst Christian II. von Anhalt-Bernburg
1638-02-26,Diederich von dem Werder,Fürst Ludwig
1638-03-02,Fürst Ludwig,Fürst Ernst Gottlieb von Anhalt-Plötzkau
1638-03-02,Fürst Ludwig,Hans von Dieskau
1638-03-03,Hans von Dieskau,Fürst Ludwig
1638-03-10,Fürst Christian II. von Anhalt-Bernburg,Fürst Ludwig
1638-03-12,Fürst Ludwig,Fürst Christian II. von Anhalt-Bernburg
1638-03-20,Herzog August d. J. von Braunschweig-Wolfenbüttel,Johann Saubert d. Ä.
1638-03-20,Christian Ernst (von) Knoch,Fürst Ludwig
1638-03-21,Fürst Ludwig,Diederich von dem Werder
1638-03-21,Diederich von dem Werder,Fürst Ludwig
1638-03-28,Fürst Ludwig,Christian Ernst (von) Knoch
1638-03-31,Hans Philipp Geuder,Fürst Christian II. von Anhalt-Bernburg
1638-04-02,Martin Opitz,Fürst Ludwig
1638-04-05,Diederich von dem Werder,Fürst Ludwig
1638-04-10,Fürst Christian II. von Anhalt-Bernburg,Fürst Ludwig
1638-04-11,Fürst Ludwig,Martin Opitz
1638-04-17,Herzog August d. J. von Braunschweig-Wolfenbüttel,Johann Saubert d. Ä.
1638-04-23,Fürst Ludwig,Freiherr Enno Wilhelm von Innhausen und Knyphausen
1638-04-23,Diederich von dem Werder,Fürst Ludwig
1638-04-27,Fürst Ludwig,Fürst Ernst Gottlieb von Anhalt-Plötzkau
1638-05-01,Christian Ernst (von) Knoch,Fürst Ludwig
1638-05-02,Diederich von dem Werder,Fürst Ludwig
1638-05-03,Christian Ernst (von) Knoch,Fürst Ludwig
1638-05-04,Fürst Ludwig,Martin Opitz
1638-05-07,Diederich von dem Werder,Fürst Ludwig
1638-05-09,Fürst Ludwig,Christian Ernst (von) Knoch
1638-05-09,Diederich von dem Werder,Fürst Ludwig
1638-05-22,Fürst Ludwig,Cuno Ordomar von Bodenhausen
1638-05-22,Fürst Ludwig,Diederich von dem Werder
1638-05-22,Diederich von dem Werder,Fürst Ludwig
1638-06-02,Diederich von dem Werder,Fürst Ludwig
1638-06-05,Christian Ernst (von) Knoch,Fürst Ludwig
1638-06-06,Fürst Ludwig,Fürst Christian II. von Anhalt-Bernburg
1638-06-08,Martin Opitz,Georg Rodolf Weckherlin
1638-06-08,Fürst Ludwig,Diederich von dem Werder
1638-06-09,Fürst Christian II. von Anhalt-Bernburg,Fürst Ludwig
1638-06-09,Diederich von dem Werder,Fürst Ludwig
1638-06-16,Freiherr Enno Wilhelm von Innhausen und Knyphausen,Fürst Ludwig
1638-06-19,Diederich von dem Werder,Fürst Ludwig
1638-06-25,Martin Opitz,Fürst Ludwig
1638-07-20,Fürst Ludwig,Martin Opitz
1638-07-21,Diederich von dem Werder,Fürst Ludwig
1638-07-24,Diederich von dem Werder,Fürst Ludwig
1638-07-28,Diederich von dem Werder,Fürst Ludwig
1638-08-03,Diederich von dem Werder,Fürst Ludwig
1638-08-10,Fürst Ludwig,Freiherr Enno Wilhelm von Innhausen und Knyphausen
1638-08-28,Fürst Ludwig,Martin Opitz
1638-09-04,Hans von Dieskau,Fürst Ludwig
1638-10-06,Diederich von dem Werder,Fürst Ludwig
1638-10-07,Fürst Ludwig,Herr Hans Georg von Wartenberg
1638-10-28,Wilhelm von Kalcheim gen. Lohausen,Herzog Adolph Friedrich I. von Mecklenburg-Schwerin
1638-10-30,Hans von Dieskau,Fürst Ludwig
1638-11-05,Christian Gueintz,Fürst Ludwig
1638-11-07,Christian Ernst (von) Knoch,Fürst Ludwig
1638-11-14,Diederich von dem Werder,Fürst Ludwig
1638-11-16,Martin Opitz,Fürst Ludwig
1638-11-16,Fürst Ludwig,Diederich von dem Werder
1638-11-23,Diederich von dem Werder,Fürst Ludwig
1638-11-30,Diederich von dem Werder,Fürst Ludwig
1638-12-04,Diederich von dem Werder,Fürst Ludwig
1638-12-18,Fürst Ludwig,Martin Opitz
1638-12-24,Fürst Ludwig,Martin Opitz
1639-01-10,Fürst Ludwig,Hans von Dieskau
1639-01-12,Hans von Dieskau,Fürst Ludwig
1639-01-14,Fürst Ludwig,Hans von Dieskau
1639-01-15,Diederich von dem Werder,Fürst Ludwig
1639-01-19,Hans Ludwig (von) Knoch,Fürst Ludwig
1639-01-21,Fürst Ludwig,Hans Ludwig (von) Knoch
1639-01-21,Martin Opitz,Christian Hoffmann (von Hoffmannswaldau)
1639-01-25,Diederich von dem Werder,Fürst Ludwig
1639-01-26,Martin Opitz,Augustus Buchner
1639-01-26,Diederich von dem Werder,Fürst Ludwig
1639-01-26,Fürst Ludwig,Diederich von dem Werder
1639-01-31,Christian Ernst (von) Knoch,Fürst Ludwig
1639-03-10,Martin Opitz,Fürst Ludwig
1639-04-29,Christian Ernst (von) Knoch,Fürst Ludwig
1639-05-04,Fürst Christian II. von Anhalt-Bernburg,Fürst Ludwig
1639-05-04,Fürst Ludwig,Fürst Christian II. von Anhalt-Bernburg
1639-05-14,Fürst Ludwig,Martin Opitz
1639-06-30,Fürst Ludwig,Graf Wolrad IV. von Waldeck-Eisenberg
1639-07-01,Fürst Ludwig,Graf Wolrad IV. von Waldeck-Eisenberg
1639-07-12,Graf Wolrad IV. von Waldeck-Eisenberg,Fürst Ludwig
1639-07-12,Diederich von dem Werder,Fürst Ludwig
1639-07-23,Diederich von dem Werder,Fürst Ludwig
1639-07-27,Diederich von dem Werder,Fürst Ludwig
1639-08-01,Martin Opitz,Johann Elichmann
1639-08-07,Martin Opitz,Fürst Ludwig
1639-08-07,Diederich von dem Werder,Fürst Ludwig
1639-08-14,Fürst Ludwig,Freiherr Enno Wilhelm von Innhausen und Knyphausen
1639-08-22,Hugo Grotius,Martin Opitz
1639-08-26,Friedrich Hortleder,Fürst Ludwig
1639-08-28,Wilhelm von Kalcheim gen. Lohausen,Herzog August d. J. von Braunschweig-Wolfenbüttel
1639-09-01,Fürst Ludwig,Friedrich Hortleder
1639-09-02,Diederich von dem Werder,Fürst Ludwig
1639-09-03,Fürst Ludwig,Johan Banér
1639-09-04,Diederich von dem Werder,Fürst Ludwig
1639-09-06,Diederich von dem Werder,Fürst Ludwig
1639-09-07,Diederich von dem Werder,Friedrich Hortleder
1639-09-08,Diederich von dem Werder,Fürst Ludwig
1639-09-09,Freiherr Enno Wilhelm von Innhausen und Knyphausen,Fürst Ludwig
1639-09-10,Diederich von dem Werder,Friedrich Hortleder
1639-09-11,Augustus Buchner,Fürst Ludwig
1639-09-12,Diederich von dem Werder,Fürst Ludwig
1639-09-14,Diederich von dem Werder,Fürst Ludwig
1639-09-21,Diederich von dem Werder,Fürst Ludwig
1639-09-29,Freiherr Enno Wilhelm von Innhausen und Knyphausen,Fürst Ludwig
1639-10-01,Christian Ernst (von) Knoch,Fürst Ludwig
1639-10-05,Fürst Christian II. von Anhalt-Bernburg,Herzog August d. J. von Braunschweig-Wolfenbüttel
1639-10-28,Fürst Ludwig,Augustus Buchner
1639-11-01,Fürst Ludwig,Freiherr Enno Wilhelm von Innhausen und Knyphausen
1639-11-13,Fürst Ludwig,Freiherr Enno Wilhelm von Innhausen und Knyphausen
1639-11-19,Augustus Buchner,Fürst Ludwig
1639-11-25,Freiherr Enno Wilhelm von Innhausen und Knyphausen,Fürst Ludwig
1639-12-01,Fürst Ludwig,Graf Wolrad IV. von Waldeck-Eisenberg
1639-12-03,Fürst Ludwig,Herzog August d. J. von Braunschweig-Wolfenbüttel
1639-12-09,Christian Ernst (von) Knoch,Fürst Ludwig
1639-12-16,Fürst Ludwig,Augustus Buchner
1639-12-17,Fürst Ludwig,Herzog August d. J. von Braunschweig-Wolfenbüttel
1639-12-23,Diederich von dem Werder,Fürst Ludwig
1640-01-04,Fürst Ludwig,Freiherr Enno Wilhelm von Innhausen und Knyphausen
1640-01-13,Augustus Buchner,Fürst Ludwig
1640-01-22,Augustus Buchner,Fürst Ludwig
1640-01-27,Graf Wolrad IV. von Waldeck-Eisenberg,Fürst Ludwig
1640-02-03,Christian Ernst (von) Knoch,Franz Julius von dem Knesebeck
1640-02-09,Fürst Ludwig,Graf Wolrad IV. von Waldeck-Eisenberg
1640-02-14,Fürst Ludwig,Augustus Buchner
1640-02-18,Fürst Ludwig,Herzog August d. J. von Braunschweig-Wolfenbüttel
1640-03-01,Christian Gueintz,Fürst Ludwig
1640-03-10,Diederich von dem Werder,Fürst Ludwig
1640-03-11,Diederich von dem Werder,Fürst Ludwig
1640-03-11,Diederich von dem Werder,Fürst Ludwig
1640-03-12,Fürst Ludwig,Fürst Christian II. von Anhalt-Bernburg
1640-03-13,Fürst Ludwig,Christian Gueintz
1640-03-14,Christian Gueintz,Fürst Ludwig
1640-03-17,Diederich von dem Werder,Fürst Ludwig
1640-03-19,Fürst Ludwig,Friedrich Hortleder
1640-03-20,Diederich von dem Werder,Fürst Ludwig
1640-03-23,Fürst Ludwig,Herzog August d. J. von Braunschweig-Wolfenbüttel
1640-04-30,Augustus Buchner,Fürst Ludwig
1640-05-02,Diederich von dem Werder,Fürst Ludwig
1640-05-06,Fürst Ludwig,Diederich von dem Werder
1640-05-09,Diederich von dem Werder,Fürst Ludwig
1640-05-14,Diederich von dem Werder,Fürst Ludwig
1640-05-28,Christian Gueintz,Fürst Ludwig
1640-06-05,Fürst Ludwig,Herzog August d. J. von Braunschweig-Wolfenbüttel
1640-06-19,Fürst Ludwig,Diederich von dem Werder
1640-06-20,Diederich von dem Werder,Fürst Ludwig
1640-06-22,Diederich von dem Werder,Fürst Ludwig
1640-07-14,Fürst Ludwig,Graf Otto V. von Holstein-Schaumburg
1640-07-28,Fürst Christian II. von Anhalt-Bernburg,Adolph von Börstel
1640-07-31,Fürst Ludwig,Herzog August d. J. von Braunschweig-Wolfenbüttel
1640-08-09,Joachim Mechovius,Fürst Christian II. von Anhalt-Bernburg
1640-08-10,Christian Ernst (von) Knoch,Fürst Ludwig
1640-09-17,Gräfin Anna Sophia von Schwarzburg-Rudolstadt,Fürst Christian II. von Anhalt-Bernburg
1640-10-07,Fürst Ludwig,Diederich von dem Werder
1640-10-09,Diederich von dem Werder,Fürst Ludwig
1640-10-25,Diederich von dem Werder,Fürst Ludwig
1640-10-29,Fürst Ludwig,Fürst Christian II. von Anhalt-Bernburg
1640-11-09,Fürst Ludwig,Christian Gueintz
1640-11-11,Johann Valentin Andreae,Philipp Hainhofer
1640-11-16,Diederich von dem Werder,Fürst Ludwig
1640-11-17,Diederich von dem Werder,Fürst Ludwig
1640-12-04,Martinus Milagius,Fürst Ludwig
1640-12-12,Fürst Christian II. von Anhalt-Bernburg,Fürst Ludwig
1640-12-14,Fürst Christian II. von Anhalt-Bernburg,Fürst Ludwig
1640-12-15,Diederich von dem Werder,Fürst Ludwig
1640-12-16,Fürst Christian II. von Anhalt-Bernburg,Fürst Ludwig
1640-12-23,Fürst Christian II. von Anhalt-Bernburg,Fürst Ludwig
1640-12-28,Fürst Christian II. von Anhalt-Bernburg,Fürst Ludwig und Fürstin Sophia von Anhalt-Köthen
1640-12-28,Fürst Ludwig,Fürst Christian II. von Anhalt-Bernburg
1640-12-29,Fürst Christian II. von Anhalt-Bernburg,Fürst Ludwig
1641-01-01,Fürst Christian II. von Anhalt-Bernburg,Fürst Ludwig
1641-01-02,Fürst Ludwig,Fürst Christian II. von Anhalt-Bernburg
1641-01-06,Fürst Ludwig,Fürst Christian II. von Anhalt-Bernburg
1641-01-11,Fürst Ludwig,Fürst Christian II. von Anhalt-Bernburg
1641-01-17,Fürst Ludwig,Fürst Christian II. von Anhalt-Bernburg
1641-01-19,Herzog August d. J. von Braunschweig-Wolfenbüttel,Johann Valentin Andreae
1641-02-03,Fürst Ludwig,Diederich von dem Werder
1641-02-03,Diederich von dem Werder,Fürst Ludwig
1641-02-05,Johann Palmarius,Diederich von dem Werder
1641-02-06,Diederich von dem Werder,Fürst Ludwig
1641-02-08,Fürst Ludwig,Christian Gueintz
1641-03-01,Georg Philipp Harsdörffer,die Fruchtbringende Gesellschaft
1641-03-13,Andreas Kühne,Peter Knaudt
1641-03-23,Fürst Ludwig,Fürst Christian II. von Anhalt-Bernburg
1641-04-06,Johann Valentin Andreae,Herzog August d. J. von Braunschweig-Wolfenbüttel
1641-05-05,Augustus Buchner,Peter Knaudt
1641-05-10,Diederich von dem Werder,Peter Knaudt
1641-06-21,Fürst Ludwig,Fürst Christian II. von Anhalt-Bernburg
1641-06-25,Herzogin Sophia Elisabeth von Braunschweig-Wolfenbüttel,die Leserinnen der history der Dorinde aus dem Roman L’Astrée von Honoré d’Urfé
1641-07-06,Justus Georg Schottelius,Herzog August d. J. von Braunschweig-Wolfenbüttel
1641-07-08,Fürst Ludwig,Fürst Christian II. von Anhalt-Bernburg
1641-07-14,Christian Gueintz,Christian Le Clerq
1641-07-27,Fürst Ludwig,Fürst Christian II. von Anhalt-Bernburg
1641-07-31,Freiherr Enno Wilhelm von Innhausen und Knyphausen,Fürst Ludwig
1641-08-22,Fürst Ludwig,Freiherr Enno Wilhelm von Innhausen und Knyphausen
1641-09-01,Justus Georg Schottelius,Herzog August d. J. von Braunschweig-Wolfenbüttel
1641-09-09,die Fruchtbringende Gesellschaft,Georg Philipp Harsdörffer
1641-09-14,Fürst Christian II. von Anhalt-Bernburg,Fürst Ludwig
1641-09-14,Justus Georg Schottelius,Georg Calixtus
1641-09-19,Diederich von dem Werder,Fürst Ludwig
1641-10-09,Freiherr Enno Wilhelm von Innhausen und Knyphausen,Fürst Ludwig
1641-11-26,Georg Philipp Harsdörffer,die Fruchtbringende Gesellschaft
1641-11-28,Gemeinde St. Jakob zu Köthen,Fürst Ludwig
1641-12-01,Georg Philipp Harsdörffer,die Fruchtbringende Gesellschaft
1641-12-14,Johann Valentin Andreae,Herzog August d. J. von Braunschweig-Wolfenbüttel
1642-01-14,Herzog August d. J. von Braunschweig-Wolfenbüttel,Johann Valentin Andreae
1642-01-20,Johann von Mario,Fürst Ludwig
1642-01-24,Freiherr Georg Ehrenreich von Rogendorff und Mollenburg,Fürst Christian II. von Anhalt-Bernburg
1642-02-19,Fürst Ludwig,Johann von Mario
1642-03-11,Georg Philipp Harsdörffer,die Fruchtbringende Gesellschaft
1642-05-03,Fürst Ludwig,Georg Philipp Harsdörffer
1642-05-06,Diederich von dem Werder,Fürst Ludwig
1642-06-01,Johann Valentin Andreae,Herzog August d. J. von Braunschweig-Wolfenbüttel
1642-06-08,Georg Philipp Harsdörffer,die Fruchtbringende Gesellschaft
1642-06-27,Johann Valentin Andreae,Herzog August d. J. von Braunschweig-Wolfenbüttel
1642-06-30,Johann von Mario,Fürst Ludwig
1642-07-12,Fürst Ludwig,Fürst August von Anhalt-Plötzkau
1642-07-12,Fürst Ludwig,Fürst Johann Casimir von Anhalt-Dessau
1642-07-12,Fürst Ludwig,Fürst Christian II. von Anhalt-Bernburg
1642-07-12,Fürst Ludwig,Fürst Georg Aribert von Anhalt-Dessau
1642-07-12,Fürst Ludwig,Fürst Friedrich von Anhalt-Bernburg-Harzgerode
1642-08-08,Landgraf Hermann IV. von Hessen-Rotenburg,Fürst Ludwig
1642-10-09,Fürst Ludwig,Freiherr Enno Wilhelm von Innhausen und Knyphausen
1642-10-11,Herzog August d. J. von Braunschweig-Wolfenbüttel,Johann Valentin Andreae
1642-10-27,Carl Gustav von Hille,Fürst Ludwig
1642-10-31,Fürst Ludwig,Herzog August d. J. von Braunschweig-Wolfenbüttel
1642-10-31,Fürst Ludwig,Carl Gustav von Hille
1642-11-01,Herzog August d. J. von Braunschweig-Wolfenbüttel,Johann Valentin Andreae
1642-11-05,Carl Gustav von Hille,Fürst Ludwig
1642-11-08,Fürst Ludwig,Diederich von dem Werder
1642-11-10,Justus Georg Schottelius,Fürst Ludwig
1642-11-20,Johann Valentin Andreae,Herzog August d. J. von Braunschweig-Wolfenbüttel
1642-11-29,Fürst Ludwig,Herzog Christian Ludwig von Braunschweig-Calenberg
1642-11-29,Fürst Ludwig,Friedrich Schenk von Winterstedt bzw. Bodo von Hodenberg
1642-12-01,Franz Julius von dem Knesebeck,Fürst Ludwig
1642-12-02,Fürst Ludwig,Herzog Friedrich III. von Schleswig-Holstein-Gottorf
1642-12-06,Herzog August d. J. von Braunschweig-Wolfenbüttel,Johann Valentin Andreae
1642-12-07,Fürst Ludwig,Georg Philipp Harsdörffer
1642-12-25,Johann Valentin Andreae,Herzog August d. J. von Braunschweig-Wolfenbüttel
1642-12-30,Fürst Ludwig,Fürst Johann von Anhalt-Zerbst
1643-01-01,Franz Julius von dem Knesebeck,Herzog August d. J. von Braunschweig-Wolfenbüttel
1643-01-03,Justus Georg Schottelius,Johann Michael Moscherosch
1642-01-01,Johann Michael Moscherosch,die Fruchtbringende Gesellschaft
1643-01-06,Matthäus Merian d. Ä.,Peter Knaudt
1643-01-18,Herzog August d. J. von Braunschweig-Wolfenbüttel,Johann Valentin Andreae
1643-01-21,Carl Gustav von Hille,Fürst Ludwig
1643-01-21,Andreas Kühne,Peter Knaudt
1643-02-04,Fürst Ludwig,Carl Gustav von Hille
1643-02-08,Carl Gustav von Hille,Fürst Ludwig
1643-02-14,Matthäus Merian d. Ä.,Peter Knaudt
1643-02-15,Johann Valentin Andreae,Herzog August d. J. von Braunschweig-Wolfenbüttel
1643-03-06,Peter Knaudt,Matthäus Merian d. Ä.
1643-03-07,Justus Georg Schottelius,Fürst Ludwig
1643-03-12,Fürst Ludwig,Carl Gustav von Hille
1643-03-18,Carl Gustav von Hille,Fürst Ludwig
1643-03-28,Fürst Ludwig,Christian Gueintz
1643-03-29,Christian Gueintz,Fürst Ludwig
1643-04-03,Fürst Ludwig,Christian Gueintz
1643-04-07,Fürst Ludwig,Carl Gustav von Hille
1643-04-18,Herzog August d. J. von Braunschweig-Wolfenbüttel,Johann Valentin Andreae
1643-04-18,Matthäus Merian d. Ä.,Peter Knaudt
1643-04-19,Georg Philipp Harsdörffer,die Fruchtbringende Gesellschaft
1643-04-25,Herzog August d. J. von Braunschweig-Wolfenbüttel,Johann Valentin Andreae
1643-04-30,Johann Valentin Andreae,Herzog August d. J. von Braunschweig-Wolfenbüttel
1643-05-05,Fürst Ludwig,Georg Philipp Harsdörffer
1643-05-07,Carl Gustav von Hille,Fürst Ludwig
1643-05-09,Justus Georg Schottelius,Joachim Jungius
1643-05-13,Matthäus Merian d. Ä.,Peter Knaudt
1643-05-15,Johann Valentin Andreae,Herzog August d. J. von Braunschweig-Wolfenbüttel
1643-05-26,Georg Philipp Harsdörffer,Herzog August d. J. von Braunschweig-Wolfenbüttel
1643-05-27,Andreas Kühne,Peter Knaudt
1643-06-17,Carl Gustav von Hille,Fürst Ludwig
1643-06-24,Georg Philipp Harsdörffer,die Fruchtbringende Gesellschaft
1643-07-06,Carl Gustav von Hille,Fürst Ludwig
1643-07-24,Fürst Ludwig,Georg Philipp Harsdörffer
1643-07-24,Fürst Ludwig,Carl Gustav von Hille
1643-08-01,Fürst Ludwig,Diederich von dem Werder
1643-08-01,Carl Gustav von Hille,Fürst Ludwig
1643-08-02,Fürst Ludwig,Georg Philipp Harsdörffer
1643-08-21,Fürst Ludwig,Carl Gustav von Hille
1643-08-26,Joachim Morsius,Joachim Jungius
1643-09-05,Matthäus Merian d. Ä.,Peter Knaudt
1643-09-20,Georg Philipp Harsdörffer,die Fruchtbringende Gesellschaft
1643-10-07,Fürst Ludwig,Georg Philipp Harsdörffer
1643-10-14,Fürst Ludwig,Georg Philipp Harsdörffer
1643-10-16,Fürst Ludwig,Christian Gueintz
1643-10-20,Christian Gueintz,Fürst Ludwig
1643-10-21,Fürst Christian II. von Anhalt-Bernburg,Fürst Ludwig
1643-10-22,Fürst Ludwig,Fürst Christian II. von Anhalt-Bernburg
1643-10-28,Fürst Christian II. von Anhalt-Bernburg,Fürst Ludwig
1643-10-28,Justus Georg Schottelius,Herzog August d. J. von Braunschweig-Wolfenbüttel
1643-11-23,Friedrich Greiff,Herzog August d. J. von Braunschweig-Wolfenbüttel
1643-11-24,Georg Philipp Harsdörffer,Fürst Ludwig
1643-12-01,Fürst Ludwig,Herzog August d. J. von Braunschweig-Wolfenbüttel
1643-12-06,Fürst Ludwig,Georg Philipp Harsdörffer
1643-12-08,Fürst Christian II. von Anhalt-Bernburg,Fürst Ludwig
1643-12-09,Carl Gustav von Hille,Fürst Ludwig
1643-12-11,Fürst Ludwig,Fürst Christian II. von Anhalt-Bernburg
1643-12-27,Christian Gueintz,Fürst Ludwig
1644-01-01,Diederich von dem Werder,Conrad von Burgsdorff
1644-01-01,Justus Georg Schottelius,Herzog August d. J. von Braunschweig-Wolfenbüttel
1644-01-19,Christian Beckmann,Christophorus Colerus
1644-01-27,Fürst Ludwig,Christian Gueintz
1644-01-29,Christian Gueintz,Fürst Ludwig
1644-01-30,Fürst Ludwig,Carl Gustav von Hille
1644-02-04,Diederich von dem Werder,Fürst Ludwig
1644-02-09,Fürst Ludwig,Christian Gueintz
1644-02-09,Carl Gustav von Hille,Fürst Ludwig
1644-02-19,Christian Gueintz,Fürst Ludwig
1644-03-10,Fürst Ludwig,Carl Gustav von Hille
1644-03-10,Diederich von dem Werder,Fürst Ludwig
1644-03-10,Diederich von dem Werder,Peter Knaudt
1644-03-13,Fürst Ludwig,Christian Gueintz
1644-03-17,Christian Gueintz,Fürst Ludwig
1644-03-23,Carl Gustav von Hille,Fürst Ludwig
1644-03-23,Carl Gustav von Hille,Herzog August d. J. von Braunschweig-Wolfenbüttel
1644-03-24,Andreas Tscherning,Matthaeus Apelles von Löwenstern
1644-04-01,Justus Georg Schottelius,Herzog August d. J. von Braunschweig-Wolfenbüttel
1644-04-26,Georg Philipp Harsdörffer,die Fruchtbringende Gesellschaft
1644-04-29,Justus Georg Schottelius,Johann Valentin Andreae
1644-05-04,Christian Gueintz,Fürst Ludwig
1644-06-16,Johann Michael Moscherosch,Johann Heinrich Boeckler
1643-12-29,Johann Michael Moscherosch,Johann Heinrich Boeckler
1644-07-15,Georg Philipp Harsdörffer,Fürst Ludwig
1644-07-15,Georg Philipp Harsdörffer,Herzog Christian Ludwig von Braunschweig-Calenberg
1644-07-23,Fürst Ludwig,Herzog Christian Ludwig von Braunschweig-Calenberg
1644-07-23,Fürst Ludwig,Carl Gustav von Hille
1644-07-24,Johann Rist,Philipp von Zesen
1644-07-31,Georg Philipp Harsdörffer,Herzog August d. J. von Braunschweig-Wolfenbüttel
1644-08-24,Georg Philipp Harsdörffer,Herzogin Sophia Elisabeth von Braunschweig-Wolfenbüttel
1644-08-09,Christian Gueintz,Fürst Ludwig
1644-08-09,Winand von Polhelm,Fürst Ludwig
1644-08-16,Diederich von dem Werder,Fürst Ludwig
1644-08-24,Georg Philipp Harsdörffer,die Fruchtbringende Gesellschaft
1644-08-26,Abraham von Franckenberg,Gottfried Sturm
1644-09-01,Justus Georg Schottelius,Herzog August d. J. von Braunschweig-Wolfenbüttel
1644-09-27,Fürst August von Anhalt-Plötzkau,Herzog Wilhelm IV. von Sachsen-Weimar
1644-10-01,Justus Georg Schottelius,Herzog August d. J. von Braunschweig-Wolfenbüttel
1644-10-11,Justus Georg Schottelius,Herzog August d. J. von Braunschweig-Wolfenbüttel
1644-10-20,Georg Philipp Harsdörffer,Justus Georg Schottelius
1644-12-01,Justus Georg Schottelius,Herzog August d. J. von Braunschweig-Wolfenbüttel
1644-12-01,Philipp von Zesen,die Fruchtbringende Gesellschaft
1644-12-05,Landgraf Hermann IV. von Hessen-Rotenburg,Fürst Ludwig
1644-12-16,Johann Rist,Justus Georg Schottelius
1644-12-23,Georg Philipp Harsdörffer,Philipp von Zesen
1644-12-26,Fürst Ludwig,Curt von Einsiedel
1644-12-26,Fürst Ludwig,Christian Gueintz
1644-12-31,Christian Gueintz,Fürst Ludwig
1644-12-31,Justus Georg Schottelius,Herzog August d. J. von Braunschweig-Wolfenbüttel
1645-01-01,Justus Georg Schottelius,Herzog August d. J. von Braunschweig-Wolfenbüttel
1645-01-01,Philipp von Zesen,Justus Georg Schottelius
1645-01-01,Justus Georg Schottelius,Herzog August d. J. von Braunschweig-Wolfenbüttel
1645-01-24,Fürst Ludwig,Georg Philipp Harsdörffer
1645-01-26,Carl Gustav von Hille,Fürst Ludwig
1645-01-27,Fürst Ludwig,Peter Knaudt
1645-02-01,Justus Georg Schottelius,Herzog August d. J. von Braunschweig-Wolfenbüttel
1645-02-02,Justus Georg Schottelius,Herzog August d. J. von Braunschweig-Wolfenbüttel
1645-02-04,Justus Georg Schottelius,Fürst Ludwig
1645-02-17,Herzog Ernst I. von Sachsen-Gotha,Fürst Ludwig
1645-02-19,Johann Valentin Andreae,Herzog August d. J. von Braunschweig-Wolfenbüttel
1645-02-20,Fürst Ludwig,Herzog Wilhelm IV. von Sachsen-Weimar
1645-02-21,Fürst Ludwig,Carl Gustav von Hille
1645-02-24,Fürst Ludwig,Herzog Ernst I. von Sachsen-Gotha
1645-03-01,Herzogin Eleonora Dorothea von Sachsen-Weimar,Fürst Ludwig
1645-03-04,Herzogin Eleonora Maria von Mecklenburg-Güstrow,Fürst Christian II. von Anhalt-Bernburg
1645-03-05,Winand von Polhelm,Fürst Ludwig
1645-02-28,Der von Polhelm,Fürst Ludwig
1645-03-08,Carl Gustav von Hille,Fürst Ludwig
1645-03-08,Philipp von Zesen,Jesaias Rompler von Löwenhalt
1645-03-17,Fürst Ludwig,Landgraf Hermann IV. von Hessen-Rotenburg
1645-03-17,Fürst Ludwig,Winand von Polhelm
1645-03-19,Johann Valentin Andreae,Herzog August d. J. von Braunschweig-Wolfenbüttel
1645-03-25,Diederich von dem Werder,Fürst Ludwig
1645-03-26,Fürst Ludwig,Fürst Christian II. von Anhalt-Bernburg
1645-03-31,Fürst Ludwig,Herzog August d. J. von Braunschweig-Wolfenbüttel
1645-04-01,Georg Philipp Harsdörffer,Fürst Ludwig
1645-04-08,Fürst Johann Casimir von Anhalt-Dessau,Fürst Ludwig
1645-04-10,Georg Philipp Harsdörffer,Philipp von Zesen
1645-04-17,Matthäus Merian d. Ä.,Peter Knaudt
1645-04-19,Johann Hammer,Peter Knaudt
1645-04-20,Diederich von dem Werder,Fürst Ludwig
1645-05-01,Diederich von dem Werder,Fürst Ludwig
1645-05-03,Hans Beyer,Johann Hammer
1645-05-04,Fürst Ludwig,Christian Gueintz
1645-05-04,Diederich von dem Werder,Fürst Ludwig
1645-05-05,Fürst Ludwig,Diederich von dem Werder
1645-05-05,Diederich von dem Werder,Fürst Ludwig
1645-05-06,Fürst Ludwig,Winand von Polhelm
1645-05-06,Christian Gueintz,Fürst Ludwig
1645-05-07,Fürst Ludwig,Hans von Dieskau
1645-05-07,Fürst Ludwig,Christian Gueintz
1645-05-07,Landgraf Hermann IV. von Hessen-Rotenburg,Fürst Ludwig
1645-05-08,Christian Gueintz,Fürst Ludwig
1645-05-08,Fürst Johann Casimir von Anhalt-Dessau,Fürst Ludwig
1645-05-09,Matthias Götze,Johann Hammer
1645-05-10,Johann Hammer,Peter Knaudt
1645-05-26,Winand von Polhelm,Fürst Ludwig
1645-05-29,Fürst Ludwig,Georg Philipp Harsdörffer
1645-06-11,Fürst Ludwig,Georg Philipp Harsdörffer
1645-06-13,Diederich von dem Werder,Fürst Ludwig
1645-06-14,Matthias Götze,Peter Knaudt
1645-07-11,Matthäus Merian d. Ä.,Peter Knaudt
1645-07-21,Fürst Ludwig,Herzog August d. J. von Braunschweig-Wolfenbüttel
1645-07-22,Herzog August d. J. von Braunschweig-Wolfenbüttel,Johann Valentin Andreae
1645-07-25,Diederich von dem Werder,Fürst Ludwig
1645-07-26,Andreas Tscherning,Matthaeus Apelles von Löwenstern
1645-07-30,Diederich von dem Werder,Christian Ernst (von) Knoch
1645-08-01,Peter Knaudt,Matthäus Merian d. Ä.
1645-08-06,Johann Valentin Andreae,Herzog August d. J. von Braunschweig-Wolfenbüttel
1645-08-08,Philipp von Zesen,Georg Philipp Harsdörffer
1645-08-17,Georg Philipp Harsdörffer,Fürst Ludwig
1645-08-01,Marco Aurelio Severino,Georg Philipp Harsdörffer
1645-08-18,Johann Michael Moscherosch,Georg Philipp Harsdörffer
1645-09-01,Georg Philipp Harsdörffer,Johann Michael Moscherosch
1645-09-05,Matthäus Merian d. Ä.,Peter Knaudt
1645-09-19,Diederich von dem Werder,Fürst Ludwig
1645-09-19,Fürst Ludwig,Georg Philipp Harsdörffer
1645-09-21,Fürst Ludwig,Diederich von dem Werder
1645-09-21,Diederich von dem Werder,Fürst Ludwig
1645-09-22,Matthäus Merian d. Ä.,Peter Knaudt
1645-09-23,Fürst Ludwig,Herzog Christian Ludwig von Braunschweig-Calenberg
1645-09-23,Fürst Ludwig,Herzog August d. J. von Braunschweig-Wolfenbüttel
1645-09-23,Fürst Ludwig,Justus Georg Schottelius
1645-09-23,Georg Philipp Harsdörffer,Fürst Ludwig
1645-09-27,Georg Philipp Harsdörffer,Herzog August d. J. von Braunschweig-Wolfenbüttel
1645-09-29,Justus Georg Schottelius,Herzog August d. J. von Braunschweig-Wolfenbüttel
1645-09-30,Matthäus Merian d. Ä.,Peter Knaudt
1645-10-01,Justus Georg Schottelius,Herzog August d. J. von Braunschweig-Wolfenbüttel
1645-10-01,Herzog August d. J. von Braunschweig-Wolfenbüttel,Fürst Ludwig
1645-10-07,Justus Georg Schottelius,Fürst Ludwig
1645-10-08,Carl Gustav von Hille,Fürst Ludwig
1645-10-15,Matthäus Merian d. Ä.,Peter Knaudt
1645-10-19,Georg Winckler,Peter Knaudt
1645-10-28,Fürst Ludwig,Carl Gustav von Hille
1645-10-28,Fürst Ludwig,Justus Georg Schottelius
1645-10-28,Matthäus Merian d. Ä.,Peter Knaudt
1645-10-30,Gaspar Corneille de Mortaigne dit de Potteles,Fürst Ludwig
1645-11-01,Justus Georg Schottelius,Herzog August d. J. von Braunschweig-Wolfenbüttel
1645-11-01,Georg Philipp Harsdörffer,Fürst Ludwig
1645-11-19,Matthäus Merian d. Ä.,Peter Knaudt
1645-12-09,Fürst Ludwig,Georg Philipp Harsdörffer
1645-12-17,Georg Philipp Harsdörffer,Fürst Ludwig
1645-12-19,Fürst Ludwig,Christian Gueintz
1645-12-20,Marcus Fridericus Wendelin,Fürst Ludwig
1646-01-01,Justus Georg Schottelius,Herzog August d. J. von Braunschweig-Wolfenbüttel
1663-01-01,Justus Georg Schottelius,Herzog August d. J. von Braunschweig-Wolfenbüttel
1646-01-01,Giovanni Francesco Loredano,Georg Philipp Harsdörffer
1646-01-03,Wilhelm Heinrich von Freyberg,einen Fürsten (F. Ludwig?)
1646-01-04,Extrakt eines Briefs Pfalzgraf Ludwig Philipps von Simmern,Fürst Johann Casimir von Anhalt-Dessau
1646-01-12,Georg Philipp Harsdörffer,Herzog August d. J. von Braunschweig-Wolfenbüttel
1646-01-19,Fürst Ludwig,Carl Gustav von Hille
1646-01-20,Fürst Ludwig,Georg Philipp Harsdörffer
1646-01-20,Burggraf und Herr Achaz zu Dohna,Fürst Ludwig
1646-01-25,Kurfürst Friedrich Wilhelm von Brandenburg,die Fürsten von Anhalt
1646-01-27,Herzog August d. J. von Braunschweig-Wolfenbüttel,Johann Valentin Andreae
1646-01-31,Georg Philipp Harsdörffer,Christian Gueintz
1646-02-01,Fürst Ludwig,Christian Gueintz
1646-02-01,Justus Georg Schottelius,Herzog August d. J. von Braunschweig-Wolfenbüttel
1646-02-04,Diederich von dem Werder,Conrad von Burgsdorff
1646-02-06,Matthäus Merian d. Ä.,Peter Knaudt
1646-02-17,Fürst Ludwig,Burggraf und Herr Achaz zu Dohna
1646-02-18,Fürst Ludwig,Herzog Christian Ludwig von Braunschweig-Calenberg
1646-03-01,Herzog Christian Ludwig von Braunschweig-Calenberg,Fürst Ludwig
1646-03-03,Matthäus Merian d. Ä.,Peter Knaudt
1646-03-09,Fürst Ludwig,Herzog Christian Ludwig von Braunschweig-Calenberg
1646-03-15,Christoph Steger,Christian Clepius
1646-03-17,Herzog August d. J. von Braunschweig-Wolfenbüttel,Johann Valentin Andreae
1646-03-21,Pfalzgraf Ludwig Philipp von Simmern,Fürst Ludwig
1646-03-24,Matthäus Merian d. Ä.,Peter Knaudt
1646-04-03,Herzog Christian Ludwig von Braunschweig-Calenberg,Fürst Ludwig
1646-04-06,Georg Philipp Harsdörffer,Fürst Ludwig
1646-04-10,Georg Philipp Harsdörffer,Georg Sigmund Fürer von Haimendorf
1646-04-14,Justus Georg Schottelius,Johann Valentin Andreae
1646-04-22,Fürst Johann Casimir von Anhalt-Dessau,Fürst Ludwig
1646-04-23,Fürst Ludwig,Pfalzgraf Ludwig Philipp von Simmern
1646-04-24,Fürst Ludwig,Fürst Johann Casimir von Anhalt-Dessau
1646-04-24,Fürst Ludwig,Pfalzgraf Ludwig Philipp von Simmern
1646-04-26,Fürst Ludwig,Georg Philipp Harsdörffer
1646-05-19,Matthäus Merian d. Ä.,Peter Knaudt
1646-06-09,Fürst Ludwig,Georg Philipp Harsdörffer
1646-06-10,Andreas Tscherning,Matthaeus Apelles von Löwenstern
1646-06-13,Herzog Rudolf August von Braunschweig-Wolfenbüttel,Fürst Christian II. von Anhalt-Bernburg
1646-06-20,Georg Philipp Harsdörffer,Fürst Ludwig
1646-06-20,Joachim von Glasenapp,Fürst Ludwig
1646-06-20,Matthäus Merian d. Ä.,Peter Knaudt
1646-07-01,Justus Georg Schottelius,Herzog August d. J. von Braunschweig-Wolfenbüttel
1646-07-03,Matthäus Merian d. Ä.,Peter Knaudt
1646-07-05,Fürst Ludwig,Georg Philipp Harsdörffer
1646-07-08,Fürst Ludwig,Peter Knaudt
1646-07-14,Fürst Ludwig,Fürst Christian II. von Anhalt-Bernburg
1646-07-15,Johann Valentin Andreae,Herzog August d. J. von Braunschweig-Wolfenbüttel
1646-07-15,Johann Valentin Andreae,Philipp Hainhofer
1646-07-18,Carl Gustav von Hille,Fürst Ludwig
1646-07-20,Christian Gueintz,Fürst Ludwig
1646-07-21,Herzog Georg Rudolph in Schlesien zu Liegnitz und Wohlau,Fürst Ludwig
1646-07-26,Johann Michael Moscherosch,Fürst Ludwig
1646-08-03,Justus Georg Schottelius,Georg Philipp Harsdörffer
1646-08-04,Herzog August d. J. von Braunschweig-Wolfenbüttel,Johann Valentin Andreae
1646-08-08,Herzog Franz Carl von Sachsen-Lauenburg,Herzog August d. J. von Braunschweig-Wolfenbüttel
1646-08-10,Matthias Götze,Peter Knaudt
1646-08-12,Augustus Buchner,Fürst Ludwig
1646-08-16,Fürst Ludwig,Georg Philipp Harsdörffer
1646-08-19,Johann Valentin Andreae,Herzog August d. J. von Braunschweig-Wolfenbüttel
1646-08-25,Martinus Milagius,die Leser seines Singenden Jesaia
1646-04-21,Fürst Ludwig,Martinus Milagius
1646-08-29,Johann Michael Moscherosch,Johann Rist
1646-09-02,Fürst Ludwig,Georg Philipp Harsdörffer
1646-09-08,Herzog August d. J. von Braunschweig-Wolfenbüttel,Johann Valentin Andreae
1646-09-09,Johann Valentin Andreae,Herzog August d. J. von Braunschweig-Wolfenbüttel
1646-09-12,Georg Philipp Harsdörffer,Herzog August d. J. von Braunschweig-Wolfenbüttel
1646-09-15,Georg Philipp Harsdörffer,Christian Gueintz
1646-09-15,Carl Gustav von Hille,Fürst Ludwig
1646-09-16,Georg Philipp Harsdörffer,Fürst Ludwig
1646-10-06,Johann Dietrich von Brincken,Christian Ernst (von) Knoch
1646-10-20,Johann Rist,Johann Michael Moscherosch
1646-10-23,Matthäus Merian d. Ä.,Peter Knaudt
1646-10-26,Pfalzgraf Ludwig Philipp von Simmern,Fürst Ludwig
1646-10-29,Carl Gustav von Hille,Fürst Ludwig
1646-10-31,Fürst Ludwig,Georg Philipp Harsdörffer
1646-10-31,Pfalzgraf Ludwig Philipp von Simmern,Fürst Ludwig
1646-11-04,Johann Rist,Johann Heinrich Boeckler
1646-11-06,Fürst Ludwig,Carl Gustav von Hille
1646-11-24,Fürst Ludwig,Fürst Johann Casimir von Anhalt-Dessau
1646-12-04,Herzog August d. J. von Braunschweig-Wolfenbüttel,Johann Valentin Andreae
1646-12-04,Georg Philipp Harsdörffer,Herzog August d. J. von Braunschweig-Wolfenbüttel
1646-12-06,Fürst Johann Casimir von Anhalt-Dessau,Fürst Ludwig
1646-12-13,Fürst Ludwig,Georg Philipp Harsdörffer
1646-12-16,Johann Valentin Andreae,Herzog August d. J. von Braunschweig-Wolfenbüttel
1647-01-01,Georg Philipp Harsdörffer,Fürst Ludwig
1647-01-01,Justus Georg Schottelius,Herzog August d. J. von Braunschweig-Wolfenbüttel
1647-01-12,Carl Gustav von Hille,Fürst Ludwig
1647-01-19,Georg Philipp Harsdörffer,Herzog August d. J. von Braunschweig-Wolfenbüttel
1647-01-22,Fürst Ludwig,Carl Gustav von Hille
1647-01-22,Fürst Ludwig,Georg Philipp Harsdörffer
1647-01-28,Sigismund Betulius,Prinz Ferdinand Albrecht von Braunschweig-Wolfenbüttel
1647-02-01,Justus Georg Schottelius,Herzog August d. J. von Braunschweig-Wolfenbüttel
1647-02-05,Justus Georg Schottelius,die Fruchtbringende Gesellschaft
1647-02-06,Georg Philipp Harsdörffer,Fürst Ludwig
1647-02-15,Georg Philipp Harsdörffer,Justus Georg Schottelius
1647-02-20,Johann Rist,Fürst Ludwig
1647-02-23,Matthäus Merian d. Ä.,Peter Knaudt
1647-03-09,Carl Gustav von Hille,Fürst Ludwig
1647-03-16,Fürst Ludwig,Georg Philipp Harsdörffer
1645-01-24,Fürst Ludwig,Andreas Kühne
1647-03-23,Herzog August d. J. von Braunschweig-Wolfenbüttel,Johann Valentin Andreae
1647-04-03,Fürst Ludwig,Fürst Johann Casimir von Anhalt-Dessau
1647-04-03,Fürst Ludwig,Pfalzgraf Ludwig Philipp von Simmern
1647-04-13,Fürst Ludwig,Johann Rist
1647-04-16,Johann Valentin Andreae,Herzog August d. J. von Braunschweig-Wolfenbüttel
1647-04-26,Christian Gueintz,Justus Georg Schottelius
1647-04-26,Georg Philipp Harsdörffer,Fürst Ludwig
1647-03-10,Homburgs Widmungsvorrede,die Fruchtbringende Gesellschaft
1647-04-01,Georg Philipp Harsdörffer,Principe Tiberio Caraffa
1647-05-06,Matthäus Merian d. Ä.,Peter Knaudt
1647-05-08,Fürst Ludwig,Georg Philipp Harsdörffer
1647-05-29,Landgraf Hermann IV. von Hessen-Rotenburg,Herzog August d. J. von Braunschweig-Wolfenbüttel
1647-05-31,Fürst Ludwig,Landgraf Hermann IV. von Hessen-Rotenburg
1647-06-04,Johann Matthias Schneuber,Georg Philipp Harsdörffer
1647-06-25,Fürst Ludwig,Carl Gustav von Hille
1647-07-31,Freiherr Georg Ehrenreich von Rogendorff und Mollenburg,Herzog August d. J. von Braunschweig-Wolfenbüttel
1647-08-01,Justus Georg Schottelius,Herzog August d. J. von Braunschweig-Wolfenbüttel
1647-08-01,Johann Rist,Johann Michael Moscherosch
1647-08-04,Johann Rist,Johann Valentin Andreae
1647-08-24,Jesaias Rompler von Löwenhalt,Johann Heinrich Boeckler
1647-09-01,Freiherr Georg Ehrenreich von Rogendorff und Mollenburg,Fürst Christian II. von Anhalt-Bernburg
1647-09-15,Fürst Christian II. von Anhalt-Bernburg,Fürst Ludwig
1647-09-15,Fürst Ludwig,Fürst Christian II. von Anhalt-Bernburg
1647-09-23,Fürst Ludwig,Christian Clepius
1647-09-25,Georg Philipp Harsdörffer,Herzog Wilhelm IV. von Sachsen-Weimar
1647-09-27,Georg Philipp Harsdörffer,Fürst Ludwig
1647-10-06,Christian Gueintz,Justus Georg Schottelius
1647-10-08,Johann Rist,die Fruchtbringende Gesellschaft
1647-10-20,Fürst Christian II. von Anhalt-Bernburg,Fürst Ludwig
1647-11-03,Fürst Christian II. von Anhalt-Bernburg,Fürst Ludwig
1647-11-03,Fürst Ludwig,Fürst Christian II. von Anhalt-Bernburg
1647-11-10,Fürst Christian II. von Anhalt-Bernburg,Fürst Ludwig
1647-12-07,Georg Philipp Harsdörffer,Fürst Ludwig
1647-12-08,Fürst Christian II. von Anhalt-Bernburg,Fürst Ludwig
1647-12-10,Herr Rudolph von Dietrichstein,Fürst Ludwig
1647-12-09,Herr Rudolph von Dietrichstein,Freiherr Georg Ehrenreich von Rogendorff und Mollenburg
1647-11-22,Herr Johann Wilhelm von Stubenberg,Freiherr Georg Ehrenreich von Rogendorff und Mollenburg
1647-12-13,Fürst Christian II. von Anhalt-Bernburg,Fürst Ludwig
1647-12-13,Justus Georg Schottelius,Herzog August d. J. von Braunschweig-Wolfenbüttel
1647-12-13,Justus Georg Schottelius,Herzog August d. J. von Braunschweig-Wolfenbüttel
1648-01-01,Fürst Ludwig,Georg Philipp Harsdörffer
1648-01-01,Fürst Christian II. von Anhalt-Bernburg,Fürst Ludwig
1648-01-06,Fürst Christian II. von Anhalt-Bernburg,Fürst Ludwig
1647-12-01,Graf und Herr Erasmus d. J. von Starhemberg,Freiherr Georg Ehrenreich von Rogendorff und Mollenburg
1648-01-07,Antonius Müller gen. Gering,Fürst Ludwig
1648-01-18,Fürst Ludwig,Fürst Christian II. von Anhalt-Bernburg
1648-01-24,Johann Rist,Fürst Ludwig
1648-02-09,Graf und Herr Erasmus d. J. von Starhemberg,Fürst Ludwig
1648-02-16,Fürst Christian II. von Anhalt-Bernburg,Fürst Ludwig
1648-02-23,Herr Johann Wilhelm von Stubenberg,Fürst Ludwig
1648-02-26,Bernhard von Arnim,Diederich von dem Werder
1648-02-29,Joachim Mechovius,Tobias Steffeck von Kollodey
1648-03-01,Fürst Christian II. von Anhalt-Bernburg,Fürst Ludwig
1648-03-08,Fürst Christian II. von Anhalt-Bernburg,Fürst Ludwig
1648-03-16,Fürst Christian II. von Anhalt-Bernburg,Fürst Ludwig
1648-03-18,Fürst Ludwig,Georg Philipp Harsdörffer
1648-03-23,Fürst Christian II. von Anhalt-Bernburg,Fürst Ludwig
1648-03-24,Freiherr Georg Ehrenreich von Rogendorff und Mollenburg,Herzog August d. J. von Braunschweig-Wolfenbüttel
1648-04-03,Diederich von dem Werder,Fürst Ludwig
1648-04-06,Fürst Christian II. von Anhalt-Bernburg,Fürst Ludwig
1648-04-08,Freiherr Georg Ehrenreich von Rogendorff und Mollenburg,Herzog August d. J. von Braunschweig-Wolfenbüttel
1648-04-11,Herr Johann Wilhelm von Stubenberg,Fürst Ludwig
1648-04-12,Fürst Ludwig,Georg Philipp Harsdörffer
1648-04-18,Graf und Herr Erasmus d. J. von Starhemberg,Fürst Ludwig
1648-04-20,Fürst Christian II. von Anhalt-Bernburg,Fürst Ludwig
1648-04-21,Philipp von Zesen,Fürst Ludwig
1648-04-28,Gottfried Sturm,Fürst Ludwig
1648-04-30,Fürst Christian II. von Anhalt-Bernburg,Fürst Ludwig
1648-05-04,Fürst Christian II. von Anhalt-Bernburg,Fürst Ludwig
1648-05-10,Fürst Christian II. von Anhalt-Bernburg,Fürst Ludwig
1648-05-14,Georg Philipp Harsdörffer,Fürst Ludwig
1648-05-15,Fürst Ludwig,Graf und Herr Erasmus d. J. von Starhemberg
1648-05-17,Fürst Christian II. von Anhalt-Bernburg,Fürst Ludwig
1648-05-19,Fürst Ludwig,Herr Johann Wilhelm von Stubenberg
1648-05-21,Christian Clepius in Fürst Ludwigs Namen,Philipp von Zesen
1648-05-23,Fürst Christian II. von Anhalt-Bernburg,Fürst Ludwig
1648-06-01,Freiherr Georg Ehrenreich von Rogendorff und Mollenburg,Fürst Christian II. von Anhalt-Bernburg
1648-06-03,Wilhelm (von) Micrander,Fürst Ludwig
1648-06-04,Fürst Ludwig,Wilhelm (von) Micrander
1648-06-08,Fürst Christian II. von Anhalt-Bernburg,Fürst Ludwig
1648-06-08,Wilhelm (von) Micrander,Fürst Ludwig
1648-06-14,Fürst Ludwig,Johann Rist
1648-06-14,Graf und Herr Erasmus d. J. von Starhemberg,Fürst Christian II. von Anhalt-Bernburg
1648-06-25,die Fruchtbringende Gesellschaft,Fürst Ludwig
1648-06-28,Herr Rudolph von Dietrichstein,Fürst Christian II. von Anhalt-Bernburg
1648-06-28,Freiherr Georg Ehrenreich von Rogendorff und Mollenburg,Fürst Christian II. von Anhalt-Bernburg
1648-07-01,Freiherr Georg Ehrenreich von Rogendorff und Mollenburg,Fürst Christian II. von Anhalt-Bernburg
1648-07-03,Fürst Ludwig,Christian Ernst (von) Knoch
1648-07-23,Diederich von dem Werder,Fürst Ludwig
1648-07-24,Fürst Lebrecht von Anhalt-Köthen,Fürst Ludwig
1648-07-24,Diederich von dem Werder,Fürst Ludwig
1648-07-31,Fürst Ludwig,Diederich von dem Werder
1648-07-31,Diederich von dem Werder,Fürst Ludwig
1648-08-01,Fürst Ludwig,Georg Philipp Harsdörffer
1648-08-01,Hieronymus Imhof,Johann Valentin Andreae
1648-08-07,Fürst Ludwig,Herzog Wilhelm IV. von Sachsen-Weimar
1648-08-17,Joachim von Glasenapp,Herzog August d. J. von Braunschweig-Wolfenbüttel
1648-08-20,Joachim Mechovius,Heinrich Schumacher
1648-08-22,Philipp von Zesen,Fürst Ludwig
1648-09-09,Landgraf Hermann IV. von Hessen-Rotenburg,Fürst Ludwig
1648-09-10,Fürst Christian II. von Anhalt-Bernburg,Fürst Ludwig
1648-09-10,Fürst Ludwig,Fürst Christian II. von Anhalt-Bernburg
1648-09-14,Fürst Christian II. von Anhalt-Bernburg,Fürst Ludwig
1648-09-15,Fürst Ludwig,Fürst Christian II. von Anhalt-Bernburg
1648-09-17,Johann Valentin Andreae,Johann Schmidt
1648-10-06,Matthäus Merian d. Ä.,Peter Knaudt
1648-10-16,Fürst Ludwig,Christian Gueintz
1648-10-22,Fürst Christian II. von Anhalt-Bernburg,Fürst Ludwig
1648-10-23,Fürst Ludwig,Fürst Christian II. von Anhalt-Bernburg
1648-10-23,Augustus Buchner,Christian Gueintz
1648-10-27,Landgraf Hermann IV. von Hessen-Rotenburg,Fürst Ludwig
1648-10-30,Fürst Ludwig,Georg Philipp Harsdörffer
1648-11-05,Christian Gueintz,Fürst Ludwig
1648-11-13,Philipp von Zesen,Fürst Ludwig
1648-11-16,Fürst Ludwig,Fürst Johann Casimir von Anhalt-Dessau
1648-11-16,Johann Rist,Fürst Ludwig
1648-11-23,Joachim von Glasenapp,Georg Calixtus
1648-11-18,Herzogin Sophia Elisabeth von Braunschweig-Wolfenbüttel,Joachim von Glasenapp
1648-12-13,Johann Michael Moscherosch,Johann Valentin Andreae
1648-12-22,Freiherr Georg Ehrenreich von Rogendorff und Mollenburg,Herzog August d. J. von Braunschweig-Wolfenbüttel
1649-01-01,Freiherr Georg Ehrenreich von Rogendorff und Mollenburg,Fürst Christian II. von Anhalt-Bernburg
1649-01-02,Diederich von dem Werder,Fürst Ludwig
1649-01-07,Diederich von dem Werder,Fürst Ludwig
1649-01-15,Wilhelm Heinrich von Freyberg,Christian Ernst (von) Knoch
1649-01-24,Wilhelm (von) Micrander,Fürst Ludwig
1649-02-01,Justus Georg Schottelius,Herzog August d. J. von Braunschweig-Wolfenbüttel
1649-03-02,Fürst Christian II. von Anhalt-Bernburg,Fürst Ludwig
1649-03-02,Justus Georg Schottelius,Herzog August d. J. von Braunschweig-Wolfenbüttel
1649-03-06,Fürst Christian II. von Anhalt-Bernburg,Fürst Ludwig
1649-03-07,Fürst Christian II. von Anhalt-Bernburg,Fürst Ludwig
1649-03-12,Fürst Christian II. von Anhalt-Bernburg,Fürst Ludwig
1649-03-15,Justus Georg Schottelius,Herzog August d. J. von Braunschweig-Wolfenbüttel
1649-03-20,Fürst Ludwig,Johann Rist
1649-03-20,Hieronymus Imhof,Johann Valentin Andreae
1649-03-31,Diederich von dem Werder,Carl Gustav Wrangel
1649-04-02,Georg Philipp Harsdörffer,Johann Valentin Andreae
1649-04-12,Philipp von Zesen,Fürst Ludwig
1649-04-16,Fürst Ludwig,Diederich von dem Werder
1649-04-18,Carl Gustav Wrangel,Diederich von dem Werder
1649-04-26,Georg Philipp Harsdörffer,Fürst Ludwig
1649-04-28,Diederich von dem Werder,Fürst Ludwig
1649-05-01,Fürst Ludwig,Philipp von Zesen
1649-05-09,Philipp von Zesen,Fürst Ludwig
1649-05-12,Martinus Milagius,Fürst Ludwig
1649-05-14,Diederich von dem Werder,Philipp von Zesen
1649-05-17,Martinus Milagius,Fürst Ludwig
1649-05-25,Philipp von Zesen,Fürst Ludwig
1649-05-26,Fürst Ludwig,Philipp von Zesen
1649-06-01,Justus Georg Schottelius,Herzog August d. J. von Braunschweig-Wolfenbüttel
1649-06-07,Fürst Christian II. von Anhalt-Bernburg,Fürst Ludwig
1649-06-09,Carl Gustav Wrangel,Diederich von dem Werder
1649-06-19,Fürst Christian II. von Anhalt-Bernburg,Fürst Ludwig
1649-06-19,Christian Gueintz,Fürst Ludwig
1649-06-24,Georg Philipp Harsdörffer,Fürst Ludwig
1649-06-25,Martinus Milagius,Fürst Ludwig
1649-07-18,Fürst Christian II. von Anhalt-Bernburg,Fürst Ludwig
1649-08-07,Georg Philipp Harsdörffer,Fürst Ludwig
1649-08-20,Georg Philipp Harsdörffer,Johann Valentin Andreae
1649-09-01,Diederich von dem Werder,Fürst Ludwig
1649-09-14,Diederich von dem Werder,Christian Ernst (von) Knoch
1649-09-30,Christian Hoffmann (von Hoffmannswaldau),Georg Philipp Harsdörffer
1649-10-06,Georg Philipp Harsdörffer,Diederich von dem Werder
1649-10-08,Georg Philipp Harsdörffer,Johann Valentin Andreae
1649-10-20,Georg Philipp Harsdörffer,Christian Hoffmann (von Hoffmannswaldau)
1649-10-26,Bartholomäus (von) Wolfsberg,Diederich von dem Werder
1649-10-27,Georg Philipp Harsdörffer,Diederich von dem Werder
1649-11-01,Justus Georg Schottelius,Herzog August d. J. von Braunschweig-Wolfenbüttel
1649-11-04,Georg Philipp Harsdörffer,Diederich von dem Werder
1649-11-16,Georg Philipp Harsdörffer,Joachim von Glasenapp
1649-12-06,Johann Michael Moscherosch,Johann Valentin Andreae
1650-01-28,Johann Michael Moscherosch,Pfalzgraf Karl Gustav von Kleeburg
1650-02-01,Diederich von dem Werder,einen Fürsten (August von Anhalt-Plötzkau)
1650-02-04,Wilhelm (von) Micrander,Carl Gustav Wrangel
1650-03-05,Freifräulein Margareta Maria von Buwinghausen und Walmerode,Johann Valentin Andreae
1650-03-30,Sigismund Betulius,Prinz Ferdinand Albrecht von Braunschweig-Wolfenbüttel
1650-04-18,Joachim von Glasenapp,Herzog August d. J. von Braunschweig-Wolfenbüttel
1650-07-07,Johann Michael Moscherosch,Johann Valentin Andreae
1650-07-20,Georg Philipp Harsdörffer,Zacharias Prüschenk von Lindenhofen
1650-08-02,Carl Gustav Wrangel,Diederich von dem Werder
1640-01-01,Justus Georg Schottelius,Herzog August d. J. von Braunschweig-Wolfenbüttel
1645-02-21,Fürst Ludwig,Herzog August d. J. von Braunschweig-Wolfenbüttel
1645-02-21,Fürst Ludwig,Herzog Christian Ludwig von Braunschweig-Calenberg
